{"learner": {"attributes": {"best_iteration": "9", "best_ntree_limit": "10"}, "feature_names": [], "feature_types": [], "gradient_booster": {"model": {"gbtree_model_param": {"num_parallel_tree": "1", "num_trees": "8", "size_leaf_vector": "0"}, "tree_info": [0, 0, 0, 0, 0, 0, 0, 0], "trees": [{"base_weights": [-0.61538464, -1.880597, 1.5121951, 0.75, 1.7241379, -0.5, 1.3333334], "categories": [], "categories_nodes": [], "categories_segments": [], "categories_sizes": [], "default_left": [1, 0, 1, 1, 0, 0, 0], "id": 0, "left_children": [1, -1, 3, 5, -1, -1, -1], "loss_changes": [72.83168, 0.0, 0.3626995, 3.5833335, 0.0, 0.0, 0.0], "parents": [2147483647, 0, 0, 2, 2, 3, 3], "right_children": [2, -1, 4, 6, -1, -1, -1], "split_conditions": [0.043428, -0.5641791, 0.0449295, 0.48832202, 0.5172414, -0.15, 0.40000004], "split_indices": [1, 0, 1, 2, 0, 0, 0], "split_type": [0, 0, 0, 0, 0, 0, 0], "sum_hessian": [25.0, 15.75, 9.25, 3.0, 6.25, 1.0, 2.0], "tree_param": {"num_deleted": "0", "num_feature": "6", "num_nodes": "7", "size_leaf_vector": "0"}}, {"base_weights": [-0.45813617, -1.4680045, 1.1977437, 0.6026373, 1.3631439, -0.20091154, 1.0474905], "categories": [], "categories_nodes": [], "categories_segments": [], "categories_sizes": [], "default_left": [1, 0, 1, 1, 0, 0, 0], "id": 1, "left_children": [1, -1, 3, 5, -1, -1, -1], "loss_changes": [42.437935, 0.0, 0.13983345, 1.6104435, 0.0, 0.0, 0.0], "parents": [2147483647, 0, 0, 2, 2, 3, 3], "right_children": [2, -1, 4, 6, -1, -1, -1], "split_conditions": [0.043428, -0.44040135, 0.0449295, 0.490702, 0.4089432, -0.060273465, 0.31424716], "split_indices": [1, 0, 1, 2, 0, 0, 0], "split_type": [0, 0, 0, 0, 0, 0, 0], "sum_hessian": [23.326721, 14.56031, 8.76641, 2.916482, 5.849928, 1.2346567, 1.6818253], "tree_param": {"num_deleted": "0", "num_feature": "6", "num_nodes": "7", "size_leaf_vector": "0"}}, {"base_weights": [-0.37083948, -1.2639402, 1.0182557, 0.51000404, 1.1664597, -0.16784512, 0.9041566], "categories": [], "categories_nodes": [], "categories_segments": [], "categories_sizes": [], "default_left": [1, 0, 1, 1, 0, 0, 0], "id": 2, "left_children": [1, -1, 3, 5, -1, -1, -1], "loss_changes": [27.609007, 0.0, 0.07223892, 1.1607351, 0.0, 0.0, 0.0], "parents": [2147483647, 0, 0, 2, 2, 3, 3], "right_children": [2, -1, 4, 6, -1, -1, -1], "split_conditions": [0.043428, -0.37918207, 0.0449295, 0.490702, 0.34993792, -0.05035354, 0.271247], "split_indices": [1, 0, 1, 2, 0, 0, 0], "split_type": [0, 0, 0, 0, 0, 0, 0], "sum_hessian": [20.217112, 12.36031, 7.8568025, 2.776451, 5.0803514, 1.2319504, 1.5445007], "tree_param": {"num_deleted": "0", "num_feature": "6", "num_nodes": "7", "size_leaf_vector": "0"}}, {"base_weights": [-0.31047136, -1.1379163, 0.89424384, 0.43999624, 1.0361644, -0.14033855, 0.7975831], "categories": [], "categories_nodes": [], "categories_segments": [], "categories_sizes": [], "default_left": [1, 0, 1, 1, 0, 0, 0], "id": 3, "left_children": [1, -1, 3, 5, -1, -1, -1], "loss_changes": [18.934418, 0.0, 0.05198908, 0.86181176, 0.0, 0.0, 0.0], "parents": [2147483647, 0, 0, 2, 2, 3, 3], "right_children": [2, -1, 4, 6, -1, -1, -1], "split_conditions": [0.043428, -0.3413749, 0.0449295, 0.490702, 0.31084934, -0.04210157, 0.23927493], "split_indices": [1, 0, 1, 2, 0, 0, 0], "split_type": [0, 0, 0, 0, 0, 0, 0], "sum_hessian": [16.973719, 10.095314, 6.878404, 2.6135302, 4.264874, 1.2280474, 1.3854828], "tree_param": {"num_deleted": "0", "num_feature": "6", "num_nodes": "7", "size_leaf_vector": "0"}}, {"base_weights": [-0.26239946, -1.0484793, 0.79892844, 0.38484815, 0.9383094, -0.11740471, 0.713289], "categories": [], "categories_nodes": [], "categories_segments": [], "categories_sizes": [], "default_left": [1, 0, 1, 1, 0, 0, 0], "id": 4, "left_children": [1, -1, 3, 5, -1, -1, -1], "loss_changes": [13.404121, 0.0, 0.041552544, 0.6532401, 0.0, 0.0, 0.0], "parents": [2147483647, 0, 0, 2, 2, 3, 3], "right_children": [2, -1, 4, 6, -1, -1, -1], "split_conditions": [0.043428, -0.3145438, 0.0449295, 0.490702, 0.28149283, -0.035221413, 0.21398671], "split_indices": [1, 0, 1, 2, 0, 0, 0], "split_type": [0, 0, 0, 0, 0, 0, 0], "sum_hessian": [14.062489, 8.085795, 5.976694, 2.452324, 3.5243702, 1.2236514, 1.2286724], "tree_param": {"num_deleted": "0", "num_feature": "6", "num_nodes": "7", "size_leaf_vector": "0"}}, {"base_weights": [-3.20123, -4.4239097, -0.16795987, -5.8041883, -1.7613572, -0.7534864, 0.8180682, -0.37970278, -2.6525052, 0.28142035, -2.099702, 0.33263135, -1.0022187, -0.57021755, 0.7655896], "categories": [], "categories_nodes": [], "categories_segments": [], "categories_sizes": [], "default_left": [1, 1, 1, 0, 1, 1, 0, 1, 0, 1, 0, 0, 0, 0, 0], "id": 5, "left_children": [1, 3, 5, -1, 7, 9, -1, 11, -1, 13, -1, -1, -1, -1, -1], "loss_changes": [88.16194, 52.4205, 5.1926074, 0.0, 7.9259644, 8.244722, 0.0, 2.112361, 0.0, 2.0808573, 0.0, 0.0, 0.0, 0.0, 0.0], "parents": [2147483647, 0, 0, 1, 1, 2, 2, 4, 4, 5, 5, 7, 7, 9, 9], "right_children": [2, 4, 6, -1, 8, 10, -1, 12, -1, 14, -1, -1, -1, -1, -1], "split_conditions": [0.432014, 0.048727, 0.07881001, -1.7412566, 0.301026, 0.047511, 0.24542047, 0.2234045, -0.7957516, 0.043998502, -0.6299106, 0.09978941, -0.30066562, -0.17106527, 0.22967689], "split_indices": [2, 1, 1, 0, 2, 1, 0, 0, 0, 1, 0, 0, 0, 0, 0], "split_type": [0, 0, 0, 0, 0, 0, 0, 0, 0, 0, 0, 0, 0, 0, 0], "sum_hessian": [22.971897, 16.045616, 6.926282, 9.790332, 6.2552843, 4.4936714, 2.4326105, 3.0118034, 3.2434807, 2.9877698, 1.5059017, 1.6217403, 1.3900632, 1.0185137, 1.9692562], "tree_param": {"num_deleted": "0", "num_feature": "6", "num_nodes": "15", "size_leaf_vector": "0"}}, {"base_weights": [-0.871778, -1.1394882, -0.19009136, -1.3512805, -0.5290826, -0.42194617, 0.70976007, -0.055568043, -1.4468641, 0.4400784, -0.8567424, -0.34877282, 0.51745796, 0.5910945, 0.035613947, -0.0073076636, -1.0188992, -0.6188599, 0.31958732, -1.1852571, -0.18822676, 0.17817849, -1.0176927], "categories": [], "categories_nodes": [], "categories_segments": [], "categories_sizes": [], "default_left": [1, 1, 1, 0, 1, 1, 0, 1, 0, 1, 1, 1, 0, 0, 0, 0, 1, 1, 0, 0, 0, 0, 0], "id": 6, "left_children": [1, 3, 5, -1, 7, 9, -1, 11, -1, 13, 15, 17, -1, -1, -1, -1, 19, 21, -1, -1, -1, -1, -1], "loss_changes": [6.555834, 2.7039566, 2.7331195, 0.0, 3.5943244, 4.088352, 0.0, 1.2923672, 0.0, 0.22208488, 0.9459219, 1.0958779, 0.0, 0.0, 0.0, 0.0, 0.57904863, 1.4159541, 0.0, 0.0, 0.0, 0.0, 0.0], "parents": [2147483647, 0, 0, 1, 1, 2, 2, 4, 4, 5, 5, 7, 7, 9, 9, 10, 10, 11, 11, 16, 16, 17, 17], "right_children": [2, 4, 6, -1, 8, 10, -1, 12, -1, 14, 16, 18, -1, -1, -1, -1, 20, 22, -1, -1, -1, -1, -1], "split_conditions": [0.3916245, 0.048727, 0.08518951, -0.40538415, 0.340747, 0.047181003, 0.21292803, 0.5, -0.43405926, 0.6702125, 0.40568298, 0.3059355, 0.15523739, 0.17732835, 0.010684185, -0.002192299, 0.819149, 0.13522801, 0.0958762, -0.35557714, -0.05646803, 0.05345355, -0.3053078], "split_indices": [2, 1, 1, 0, 2, 1, 0, 0, 0, 0, 2, 2, 0, 0, 0, 0, 0, 2, 0, 0, 0, 0, 0], "split_type": [0, 0, 0, 0, 0, 0, 0, 0, 0, 0, 0, 0, 0, 0, 0, 0, 0, 0, 0, 0, 0, 0, 0], "sum_hessian": [36.110394, 25.445812, 10.664583, 17.990065, 7.455748, 8.901997, 1.762586, 5.6178536, 1.8378948, 2.9805756, 5.9214215, 3.975187, 1.6426665, 1.8342801, 1.1462955, 1.1167189, 4.8047023, 2.8838668, 1.0913203, 3.6473806, 1.1573219, 1.1463066, 1.7375603], "tree_param": {"num_deleted": "0", "num_feature": "6", "num_nodes": "23", "size_leaf_vector": "0"}}, {"base_weights": [-0.5237, -0.7837613, -0.16071461, -0.98089725, 0.05459529, -0.2726679, 0.59853464, -0.56052667, -1.102286, 0.40259078, -0.39615548, 0.1169254, -0.5820738, -0.996666, 0.14241862, -0.18003918, -1.1823521, -0.10783644, 0.71911305, -0.03838742, -0.8318833, 0.25147036, -0.45788002, -1.0292312, 0.94008696, -0.19168861, -1.048862, -0.07187848, 0.4865201, -0.9526036, 0.2334814, -1.2567542, -0.3766468], "categories": [], "categories_nodes": [], "categories_segments": [], "categories_sizes": [],